{
  "mean": [
    54.46666666666667,
    68.3,
    67.8,
    69.8,
    58.4,
    64.19999999999999,
    64.60000000000001,
    64.93333333333334,
    63.53333333333333,
    112.10000000000001,
    337.00000000000006,
    332.56666666666666,
    150.4,
    83.39999999999999,
    68.16666666666667,
    80.13333333333333,
    74.39999999999999,
    87.2,
    204.63333333333333,
    233.13333333333333,
    325.06666666666666,
    407.73333333333335,
    458.40000000000003,
    603.3666666666667,
    532.1999999999999,
    642.0333333333333,
    556.8000000000001,
    538.6999999999999,
    633.4,
    533.1333333333333,
    659.9333333333334,
    723.7666666666668,
    488.73333333333335,
    605.5,
    603.6,
    814.5333333333334,
    767.6999999999999,
    797.6333333333333,
    1035.8333333333333,
    846.9,
    586.4,
    738.0333333333333,
    1034.6666666666667,
    1012.6666666666666,
    566.0333333333333,
    866.3333333333334,
    1657.0,
    1094.0333333333333,
    758.6,
    1066.6666666666667,
    1442.2,
    1069.5333333333333,
    1493.2333333333333,
    1256.0,
    1357.8666666666668,
    580.7333333333332,
    920.0333333333334,
    1102.1666666666667,
    1173.6333333333334,
    800.3666666666667,
    902.6333333333332,
    1063.0333333333335,
    1178.8333333333333,
    1241.0333333333333,
    1268.1333333333334,
    1468.8,
    1388.1000000000001,
    1338.9666666666665,
    1247.3333333333333,
    1475.5666666666668,
    1517.7333333333333,
    1259.7,
    1396.1333333333332,
    1201.4333333333334,
    1211.8,
    1211.2333333333333,
    1440.5333333333335,
    871.9333333333333,
    1123.7,
    989.3333333333334,
    1176.5,
    983.3000000000001,
    1230.1666666666667,
    915.8666666666667,
    1218.2,
    1389.8999999999999,
    974.2333333333332,
    1421.8,
    1291.1333333333334,
    1169.1,
    1249.7333333333333,
    621.8666666666667,
    983.7000000000002,
    1131.8999999999999,
    847.1333333333333,
    1406.0666666666666,
    1346.7333333333333,
    1214.4666666666665,
    1568.3333333333333,
    1138.9666666666667
  ],
  "std": [
    7.4123020865465445,
    7.511324783285569,
    9.609717304201341,
    12.313407326974938,
    5.081338406364999,
    20.952485930472942,
    5.103593505234,
    12.808677614110762,
    8.138932498935118,
    62.00198921540071,
    212.83801352202104,
    206.55782617842286,
    98.44494231125674,
    19.0054378183368,
    17.581113603965925,
    17.69224563348462,
    9.126152895205442,
    20.00066665555593,
    166.00446446473126,
    201.81972703931154,
    351.4938817232654,
    292.59906964232744,
    289.58599183431966,
    348.788926939425,
    330.2217840583305,
    401.3405896353979,
    317.5193327447427,
    322.4093774484028,
    415.6561399362058,
    373.2567421434683,
    431.1304855325769,
    473.18842147945907,
    339.21725912590136,
    372.65419180074537,
    387.1016748435308,
    517.5146525032461,
    512.0330523185653,
    530.2024414210942,
    717.451091635443,
    629.8614292048687,
    488.38534649052144,
    487.7695175205419,
    715.0111296725076,
    660.6028021604375,
    499.2215963099175,
    361.6469948567095,
    629.9707771000176,
    204.2884616309877,
    321.5411741389688,
    264.72816665821995,
    476.5296283198629,
    152.2966476613615,
    356.07644622405957,
    180.73584776315593,
    100.0250746340914,
    248.82235072883267,
    148.23500111497137,
    348.47404813303126,
    163.2889939816997,
    183.49594606481696,
    271.35993727069507,
    307.60943129595717,
    63.820599252035365,
    331.7923982787363,
    223.9310806674431,
    327.1223726171395,
    539.1490022866283,
    499.7357990867663,
    23.72682495030085,
    64.38749015832876,
    462.2102287439727,
    360.31955261961576,
    291.88653427126246,
    70.2313003977255,
    182.68718254619466,
    274.7357194751996,
    416.0625460459308,
    342.4360021311362,
    260.2020112656062,
    114.83734390674294,
    98.9557813706034,
    325.8105686847292,
    422.4912964258028,
    228.02026713040712,
    98.98952806568312,
    228.95345960842494,
    152.36877049521078,
    314.8031236609107,
    193.63712339206953,
    137.91939675042093,
    265.2113790084346,
    136.518822471075,
    93.2172730774721,
    165.0365010131597,
    127.64495898998736,
    197.50830081008974,
    314.68030690774975,
    101.60657240334183,
    38.29920219650657,
    368.58277526523426
  ]
}