{
  "mean": [
    65.86666666666667,
    60.166666666666664,
    56.300000000000004,
    56.26666666666667,
    64.7,
    69.96666666666667,
    66.23333333333333,
    55.53333333333334,
    69.43333333333334,
    206.36666666666665,
    149.76666666666668,
    216.5,
    352.3333333333333,
    391.13333333333327,
    478.3666666666666,
    435.2666666666667,
    540.4333333333333,
    530.3666666666667,
    544.1,
    428.26666666666665,
    528.9666666666667,
    551.0666666666667,
    880.2666666666668,
    586.9333333333333,
    902.5333333333333,
    604.4666666666667,
    687.1333333333332,
    830.3000000000001,
    698.8333333333334,
    839.5999999999999,
    894.9000000000001,
    554.4333333333334,
    757.2666666666668,
    516.8333333333333,
    706.6999999999999,
    852.5666666666667,
    922.1,
    969.9333333333333,
    800.4666666666667,
    913.1,
    1440.6999999999998,
    1077.4666666666665,
    1183.6666666666667,
    1437.5999999999997,
    1273.4666666666665,
    1128.1333333333334,
    1280.8,
    1389.0,
    1006.1666666666666,
    1423.2666666666664,
    1082.5,
    1064.6666666666667,
    1010.1333333333332,
    1262.5666666666666,
    1108.8,
    1336.4666666666667,
    1454.9666666666665,
    1499.2666666666664,
    1552.5333333333335,
    1290.7333333333333,
    1062.7666666666667,
    1348.5666666666666,
    1071.9666666666665,
    1451.2666666666667,
    1423.4333333333332,
    1410.8666666666668,
    1300.1000000000001,
    1232.6666666666667,
    1738.7333333333336,
    1249.7666666666667,
    1379.7333333333333,
    1319.0333333333333,
    1352.0,
    1169.0666666666666,
    1330.0666666666668,
    1082.6666666666667,
    1122.3999999999999,
    1556.8666666666668,
    1290.5666666666666,
    940.6666666666666,
    1209.4666666666667,
    1659.7,
    1083.1000000000001,
    1140.0333333333333,
    1280.2333333333333,
    966.4666666666667,
    710.5666666666666,
    1354.4333333333332,
    1420.8666666666668,
    1387.4333333333334,
    1123.0333333333333,
    1082.3666666666668,
    996.3333333333335,
    1302.5333333333333,
    1328.6333333333332,
    1384.2666666666667,
    1236.6666666666667,
    1049.1333333333334,
    1218.6000000000001,
    1410.2333333333333
  ],
  "std": [
    5.56317255609503,
    12.221383809627376,
    2.9799328851502684,
    5.751714720170173,
    9.514550260872378,
    8.337199103349331,
    7.396545740336425,
    2.953340857778225,
    11.132634708619317,
    166.21033528501036,
    103.59138745839616,
    206.28186218537653,
    278.3805349197789,
    378.69726108800353,
    291.4367894110526,
    310.34840994526706,
    296.9052636036545,
    306.30917206131596,
    326.56446020145347,
    259.01526767526445,
    344.00876280828794,
    352.9891153499716,
    592.4247931641244,
    428.9340456941551,
    664.399906348244,
    490.923254920993,
    425.82096655232414,
    512.4717162927141,
    436.7615851036149,
    538.3220287770756,
    605.6573453694754,
    359.1804127299941,
    593.7574214740862,
    560.0234300654055,
    414.1882261323548,
    620.2924704434907,
    557.9399071584681,
    356.393923754164,
    137.88887635419405,
    163.82405195819078,
    546.564293259875,
    438.5744583939603,
    369.2345626051578,
    499.80268773453656,
    261.00089825303064,
    603.1122633658034,
    323.98259212494736,
    63.86047290773845,
    178.9042450275814,
    400.8355634033599,
    208.54698910956895,
    208.55781505909155,
    108.94072802318797,
    259.04224022777106,
    110.64595187654481,
    203.5033223862014,
    253.58909457799814,
    270.35646016982014,
    173.7804042143097,
    569.2166683746669,
    215.56484458793886,
    279.62003186864536,
    271.48093037183213,
    77.75947244905639,
    254.31495346431274,
    261.6589425611558,
    477.9358604108575,
    380.4465125203395,
    762.2245746643323,
    317.2671254461907,
    429.24471911590115,
    184.3315913118409,
    190.36498277431872,
    237.0463011499839,
    331.29978703417373,
    367.1044931472358,
    197.76774256688068,
    39.870568370945236,
    212.70966649925012,
    314.28524552634593,
    134.30215519078203,
    257.28122097554393,
    335.0464246439091,
    49.21221618889185,
    239.69736938249636,
    217.16430543612717,
    30.27874208454216,
    191.04802770216932,
    239.14765778117552,
    116.66322852076782,
    319.7099240804945,
    57.5364425579321,
    57.2058466320436,
    266.1152799487888,
    207.85548398399845,
    382.9507917329443,
    281.92430820267265,
    392.54253555789626,
    136.2458317405222,
    287.4005373844817
  ]
}