{
  "mean": [
    62.23333333333334,
    54.1,
    62.03333333333333,
    58.76666666666667,
    56.199999999999996,
    54.29999999999999,
    60.5,
    51.300000000000004,
    69.89999999999999,
    133.13333333333333,
    78.00000000000001,
    74.39999999999999,
    81.86666666666666,
    86.39999999999999,
    114.86666666666667,
    85.43333333333332,
    102.16666666666667,
    197.70000000000002,
    300.6,
    303.1333333333333,
    205.1,
    208.29999999999998,
    285.46666666666664,
    297.2,
    441.56666666666666,
    437.3666666666666,
    476.09999999999997,
    604.5,
    712.9666666666667,
    614.0333333333333,
    558.9666666666667,
    643.1333333333333,
    905.7666666666668,
    991.8333333333334,
    942.8666666666667,
    1094.9333333333334,
    709.5666666666666,
    686.4666666666667,
    470.5333333333333,
    719.6999999999999,
    879.5333333333333,
    1011.3000000000001,
    792.9,
    1035.2666666666667,
    1089.5,
    1107.4666666666667,
    1020.6666666666666,
    1524.1666666666667,
    1462.5,
    1120.8,
    1198.5,
    1290.5333333333333,
    1245.2666666666667,
    1330.9666666666667,
    1025.8999999999999,
    834.6666666666666,
    1054.9666666666667,
    1299.5666666666666,
    1132.6333333333332,
    898.0666666666666,
    947.9,
    1641.5999999999997,
    1429.3999999999999,
    1132.2,
    1055.4999999999998,
    685.0,
    1359.9666666666667,
    1335.3999999999999,
    1170.6333333333334,
    1752.1000000000001,
    1283.0333333333335,
    1215.1000000000001,
    1331.8666666666666,
    1094.1000000000001,
    1257.0333333333335,
    1386.7666666666664,
    1522.0,
    1471.533333333333,
    1056.8,
    941.6333333333332,
    1127.5,
    1322.8333333333333,
    1134.3999999999999,
    1064.7,
    1092.8,
    1102.1000000000001,
    1231.7,
    1006.8666666666668,
    1221.8333333333333,
    1023.0333333333333,
    1303.3333333333333,
    1267.1333333333332,
    717.0333333333333,
    1475.0333333333335,
    1550.4333333333332,
    1682.8,
    1350.1666666666667,
    1391.5,
    1352.6000000000001,
    1406.8999999999999
  ],
  "std": [
    5.634615238761996,
    2.8994252303976857,
    11.750271864467177,
    8.191187676738673,
    2.687005768508882,
    2.6882460204874614,
    2.794041278626119,
    3.252691193458118,
    27.9674811164681,
    108.46985244245927,
    9.668850328072448,
    7.1796007317027515,
    29.31283374602705,
    16.185796242384864,
    55.825999518344695,
    30.623992046904803,
    53.59181114892667,
    152.54133865939423,
    347.54487480036306,
    330.10285602453604,
    187.39270707972247,
    216.22235468763785,
    283.1632548352432,
    269.9443028972211,
    446.1387028965569,
    368.62478062236795,
    427.2090120772267,
    300.9549135667999,
    417.09245444572065,
    122.51003587008243,
    207.06553444635725,
    48.062551834966975,
    167.89640324385223,
    82.78555966404342,
    63.94124038695387,
    212.49433456500017,
    567.4036325423218,
    257.2055252560143,
    409.1122855918925,
    441.3669977090116,
    293.83724898128366,
    166.66637333307523,
    396.3033265904623,
    191.43236113282646,
    321.6628980780967,
    84.77540261708512,
    156.02308233790995,
    174.61722582710894,
    397.19926988855354,
    234.8814310810173,
    288.4821080529374,
    561.254644128274,
    325.84295126469885,
    467.28952719082224,
    160.93203534411663,
    182.18006355129958,
    212.7363052127106,
    255.26782449463192,
    237.78923907995127,
    251.60192544749916,
    88.639645005306,
    59.756227011640156,
    453.85469774660993,
    502.6276554269572,
    95.64197126087826,
    349.1252783743967,
    407.57530456210037,
    224.851610327048,
    53.574268284524706,
    206.93916980600847,
    567.2694264828858,
    164.28586873698742,
    222.9541706768955,
    268.2343875543676,
    202.20768751184727,
    305.7139439992156,
    406.48906504357524,
    230.03868273739425,
    223.31960654332767,
    54.295753875315995,
    236.34594700706563,
    277.82256127887734,
    323.76168189992256,
    243.61358746999312,
    307.4890567158448,
    184.4297156100394,
    558.1048706709759,
    485.99114075144297,
    268.6765382801822,
    207.45520533894114,
    199.97757096456823,
    395.36508304210287,
    54.88656990153016,
    116.2735376410108,
    355.49410996839634,
    104.6566768056391,
    259.05835035545346,
    323.1137983229232,
    70.24020690933837,
    92.76048009075127
  ]
}