{
  "mean": [
    59.800000000000004,
    61.900000000000006,
    56.26666666666666,
    56.6,
    56.800000000000004,
    65.43333333333332,
    58.4,
    63.633333333333326,
    62.26666666666667,
    64.93333333333334,
    70.23333333333333,
    168.66666666666666,
    219.46666666666667,
    241.0,
    207.16666666666666,
    193.70000000000002,
    283.1666666666667,
    386.3666666666666,
    247.89999999999998,
    112.26666666666667,
    78.83333333333333,
    78.36666666666667,
    82.13333333333333,
    90.0,
    279.76666666666665,
    518.0666666666667,
    558.0333333333333,
    553.3666666666667,
    514.1333333333333,
    471.09999999999997,
    494.9333333333334,
    922.7666666666668,
    923.4333333333334,
    920.6666666666666,
    594.8666666666667,
    824.1666666666666,
    945.1666666666666,
    804.6666666666666,
    734.7666666666668,
    947.1666666666666,
    981.1333333333333,
    1048.6000000000001,
    1020.4333333333334,
    1087.1333333333334,
    1090.6333333333334,
    842.5666666666666,
    1190.8333333333333,
    1203.3999999999999,
    707.9333333333334,
    1029.6333333333332,
    1052.6000000000001,
    1130.9,
    1319.9333333333334,
    1194.5,
    1091.6666666666667,
    1317.2666666666667,
    1324.2666666666667,
    1156.9333333333334,
    1176.8666666666668,
    969.1999999999999,
    1348.2333333333333,
    951.1999999999999,
    1137.1333333333334,
    1307.7,
    1166.2,
    1072.3333333333333,
    1018.3000000000001,
    840.4666666666667,
    1210.6,
    1236.8999999999999,
    785.6999999999999,
    1064.3333333333335,
    952.8333333333334,
    1048.5666666666666,
    1225.5,
    1627.5333333333335,
    1715.6000000000001,
    1280.3666666666666,
    1086.8333333333333,
    1335.6666666666667,
    1231.9333333333334,
    1359.5,
    1246.6000000000001,
    1265.6333333333332,
    1345.0,
    1123.2666666666667,
    1167.5666666666666,
    1302.6333333333332,
    1159.0666666666666,
    1372.5,
    1162.6333333333334,
    1073.9666666666667,
    942.3000000000001,
    1285.1666666666665,
    1219.6333333333332,
    1022.2666666666665,
    810.7666666666668,
    1250.6333333333334,
    1202.8000000000002,
    1174.7666666666667
  ],
  "std": [
    5.304714883949939,
    9.95288902781499,
    9.741092797468301,
    10.060815076324584,
    3.118760437524284,
    1.990533150244483,
    16.829933650096983,
    4.77935374524864,
    13.813117758935604,
    17.755061876046,
    16.884378052573396,
    136.54484814724998,
    230.84041144382746,
    252.6854170703169,
    160.7380132043721,
    150.70773039230602,
    281.79530790195133,
    416.0558162340988,
    240.31272680960254,
    46.35373651485809,
    13.76815972533084,
    18.712265733707632,
    21.673691168993084,
    11.880235687897777,
    271.05764864487566,
    315.69396925222094,
    354.2298155466621,
    354.99033163673,
    323.51754546271866,
    387.73200366576225,
    174.44992277314302,
    272.71247781419083,
    93.04136475544384,
    141.19826092728223,
    156.83733257387698,
    70.19460251488164,
    285.6899523765036,
    313.2345482577269,
    115.53747828686967,
    292.36549424003886,
    70.3918713741548,
    484.13040254322664,
    222.01898317236044,
    72.19927669690014,
    2.9032548783888505,
    132.52826952096757,
    413.37299003308004,
    339.76592923167954,
    281.96777987722083,
    395.97308269909234,
    190.10851287269247,
    429.319764278329,
    402.21293144579806,
    409.9333848322188,
    434.3181808561808,
    244.1482791711263,
    249.3988683926925,
    258.4182312110008,
    224.81865778642322,
    166.38896197364372,
    87.92642125979856,
    109.98639309781305,
    169.39764526764307,
    296.663591744364,
    182.4956072530697,
    194.60868999667568,
    361.4516380743995,
    350.0823173039291,
    211.48207173816567,
    293.509704552791,
    287.2011142039668,
    82.49550829523324,
    138.9438575668444,
    152.40022601324736,
    407.37472512008725,
    156.53732959123693,
    376.4021608156184,
    102.3489564621394,
    323.7173286818129,
    239.99235172998505,
    177.76659478715962,
    364.97743309233067,
    373.5410374599646,
    306.7171154156365,
    119.03386072878594,
    138.2337714003187,
    200.9334273390623,
    204.69485147951872,
    158.68149090412385,
    147.01444373484753,
    292.48882979620873,
    112.8681925472757,
    198.03580484346764,
    35.57727114636847,
    164.2119429950886,
    22.422805850789977,
    161.8351905145753,
    276.0001247986835,
    466.2336395699764,
    127.95088467411581
  ]
}