{
  "mean": [
    56.879999999999995,
    59.870000000000005,
    58.910000000000004,
    61.7,
    56.82000000000001,
    58.11,
    58.89,
    62.89,
    63.6,
    56.44,
    58.86,
    64.19000000000001,
    57.8,
    55.730000000000004,
    57.8,
    67.25,
    59.44,
    55.830000000000005,
    54.81,
    56.55,
    59.19,
    58.910000000000004,
    59.989999999999995,
    62.89,
    65.32000000000001,
    62.95,
    61.25,
    65.49999999999999,
    63.11,
    65.34,
    61.410000000000004,
    57.31,
    61.730000000000004,
    62.85,
    68.39000000000001,
    63.120000000000005,
    67.06,
    61.85999999999999,
    65.82000000000001,
    67.6,
    67.0,
    62.61,
    81.80999999999999,
    70.81,
    64.95,
    72.5,
    61.81999999999999,
    76.39,
    67.64,
    78.99000000000001,
    64.87,
    72.89,
    71.74,
    74.9,
    86.2,
    87.41,
    104.80999999999999,
    103.18000000000002,
    115.06999999999998,
    135.5,
    183.99,
    206.8,
    276.39,
    336.18,
    343.63,
    345.71999999999997,
    326.34000000000003,
    388.06,
    433.68,
    355.7,
    293.02,
    418.37,
    309.91,
    273.75,
    230.17,
    353.82,
    290.04,
    289.78999999999996,
    319.55,
    401.53999999999996,
    283.96000000000004,
    251.06000000000003,
    242.15,
    332.58000000000004,
    377.08,
    285.55,
    302.16999999999996,
    301.51000000000005,
    330.85,
    341.73,
    348.65,
    349.51000000000005,
    266.78999999999996,
    243.78999999999996,
    301.61,
    297.84000000000003,
    285.87,
    285.57,
    244.37999999999997,
    387.84000000000003
  ],
  "std": [
    4.004322664321646,
    4.0779406567531105,
    7.072439465983433,
    5.257375771237965,
    4.903835233773664,
    1.9202603990084275,
    4.9406882111705865,
    5.150184462715875,
    9.575698407949155,
    4.018009457430382,
    8.084392370487718,
    1.9186974748511036,
    2.2656124999655183,
    4.704742288372447,
    5.203172109396344,
    6.773699137103744,
    7.828563086544046,
    3.841301862650213,
    5.816992350003566,
    5.35770473243907,
    5.228135422882613,
    1.3536617007214182,
    6.8766561641542,
    6.166149527865831,
    8.522006805911388,
    5.2373657500694,
    9.02114183460165,
    7.045069197672935,
    9.130958328675034,
    5.236735624413362,
    6.5497633545037335,
    5.367811472099217,
    3.3152073841616603,
    9.054115086522813,
    8.23106311481087,
    9.559424668880446,
    8.900528074221212,
    5.004238203762888,
    9.26280734982651,
    12.808200498118383,
    8.611968416105578,
    10.452722133492308,
    14.969883099075956,
    14.87532856779977,
    6.701417760444427,
    5.322311527898381,
    7.175207314078106,
    7.050843921120365,
    13.480890178322793,
    18.669611672447818,
    7.082556035782563,
    16.7502358192355,
    13.116035986531909,
    12.574458238826834,
    13.006805910753032,
    13.783192663530464,
    25.66155490222679,
    34.25963514108111,
    30.046640411200716,
    37.60148933220598,
    68.11645469341457,
    87.25914851750503,
    143.6622232878219,
    117.27870480185224,
    104.52721463810273,
    63.89646782099931,
    69.4543403971271,
    61.06473122842678,
    49.542472687583924,
    115.02713592887551,
    93.59278604678889,
    89.26075061302139,
    127.20476956466688,
    74.21935057651744,
    127.23218775137052,
    69.54674399279955,
    94.47230493642039,
    132.20220270479612,
    84.42876287142907,
    129.98625850450497,
    24.866531724388118,
    93.08987807490135,
    91.78487892893907,
    74.00590246730324,
    136.7986023320414,
    82.85092033284845,
    103.35851972624219,
    76.00256179892887,
    46.510278433911786,
    117.4449556175147,
    88.62510366707619,
    107.2079633236263,
    57.66220946165695,
    107.19318261904532,
    145.00615986915864,
    102.97686827632701,
    112.08833391571132,
    90.16145296078585,
    67.55339813806556,
    111.90590869118574
  ]
}