{
  "mean": [
    57.510000000000005,
    65.86,
    68.1,
    58.589999999999996,
    59.83,
    60.410000000000004,
    64.61,
    57.04,
    64.68999999999998,
    62.36,
    65.0,
    67.62,
    66.85,
    62.33,
    68.04,
    67.08,
    67.13999999999999,
    70.39999999999999,
    67.22,
    67.03999999999999,
    70.28999999999999,
    67.16,
    75.26,
    76.11,
    74.68,
    79.45,
    75.99000000000001,
    75.49,
    79.67,
    81.62,
    82.19,
    82.60000000000001,
    78.95,
    82.05999999999999,
    93.21000000000001,
    89.36,
    83.8,
    95.49,
    88.05,
    101.43,
    94.11,
    95.25,
    95.85,
    106.16000000000001,
    115.95,
    129.32,
    151.18,
    152.73999999999998,
    144.39000000000001,
    167.56,
    229.25,
    275.67,
    358.46999999999997,
    474.66999999999996,
    502.25999999999993,
    642.92,
    514.27,
    480.32,
    566.11,
    518.1899999999999,
    656.9499999999999,
    596.57,
    643.1000000000001,
    595.8,
    524.77,
    697.1200000000001,
    541.01,
    553.5699999999999,
    465.99000000000007,
    600.21,
    496.28000000000003,
    576.84,
    656.03,
    552.0,
    748.8500000000001,
    587.28,
    540.0899999999999,
    785.25,
    586.4100000000001,
    652.0200000000001,
    476.93999999999994,
    510.32,
    624.9999999999999,
    672.75,
    591.8399999999999,
    500.39,
    641.53,
    527.78,
    500.16,
    525.0200000000001,
    626.9399999999999,
    558.4100000000001,
    551.41,
    625.55,
    521.82,
    558.0400000000001,
    649.8700000000001,
    619.0899999999999,
    601.0799999999999,
    539.74,
    594.26,
    562.0600000000001,
    615.7199999999999,
    579.5,
    575.5699999999999,
    648.0600000000001,
    630.99,
    502.63,
    460.81000000000006,
    632.74,
    676.2099999999999,
    655.8199999999999,
    627.4300000000001,
    510.40999999999997,
    496.2099999999999,
    572.3299999999999,
    518.0200000000001,
    542.76,
    406.2,
    595.55
  ],
  "std": [
    7.290980729641247,
    8.710648655525032,
    4.4650867852708105,
    4.02993796478308,
    1.4941887430977394,
    5.32122166424215,
    4.696424171643783,
    4.06821828322916,
    2.984694289202831,
    9.848421193267475,
    4.102316418805353,
    4.322105968159504,
    4.5064398365006495,
    6.314158692969318,
    7.145306151593506,
    3.2324294269171605,
    6.170364656971254,
    4.77859812078815,
    5.856671409597775,
    8.317655919788942,
    8.4911954399837,
    9.24063850607738,
    10.723684068453343,
    7.7653976073347355,
    7.7145706296591765,
    8.182236857974718,
    7.814499344167865,
    5.998199729918968,
    9.589035405086374,
    7.333321212111198,
    11.834711656816992,
    8.282692798842655,
    8.84301984618377,
    4.1408211745980985,
    10.12350729737476,
    13.671846985685585,
    10.64180435828436,
    19.093124416920347,
    5.006795382277968,
    15.986606894522682,
    12.962152599009162,
    9.841595399121019,
    25.177211918717287,
    22.410073627723758,
    11.30088492110242,
    18.005071507772467,
    34.9062401298106,
    44.33181024952624,
    22.17540078555515,
    52.864878700324276,
    78.51876845697467,
    116.78664564067248,
    75.70901927775844,
    112.0684415881652,
    79.90186105467131,
    73.82487114787266,
    72.5041695352757,
    100.7242304512673,
    49.32108474070698,
    133.25422845073248,
    56.672365399725464,
    78.88478053465064,
    46.171376414397706,
    130.0643340812538,
    69.56589394236232,
    112.20027450946812,
    95.18535811772732,
    127.59698507409962,
    114.24109330709331,
    101.2342402549651,
    86.11433446296849,
    94.24811616154459,
    98.42764652271231,
    114.81738979788734,
    155.00401285128072,
    105.26321579735252,
    75.98487612676618,
    118.0058346015145,
    99.68537706203452,
    107.9879835907681,
    120.01269682829397,
    139.1666037524808,
    76.93075457838691,
    144.8603396378733,
    187.572581685064,
    120.17414197738213,
    159.1003821491325,
    179.31853111153902,
    112.1731893101021,
    144.13645479197828,
    121.19955610479767,
    154.0560949784201,
    128.4204866833949,
    70.36714432176426,
    114.70405659783793,
    192.34294476273362,
    126.35588866372632,
    71.9588660277523,
    101.50049063920825,
    144.24528900452864,
    122.77281213688967,
    151.4096509473554,
    107.39997020483759,
    103.58048078668105,
    108.64572057840105,
    160.51433082438467,
    140.67710332531018,
    62.65302546565488,
    87.94949914581663,
    98.02405521095318,
    169.2309351153033,
    133.28350460578383,
    138.3565162903432,
    165.27856908867525,
    156.47374667975456,
    119.19973406010605,
    82.74270118868493,
    130.20332714642893,
    102.37234001428315,
    118.1514790427949
  ]
}