{
  "mean": [
    60.26666666666667,
    56.06666666666666,
    54.199999999999996,
    56.36666666666667,
    52.199999999999996,
    54.70000000000001,
    60.36666666666667,
    46.4,
    68.16666666666667,
    68.23333333333333,
    115.19999999999999,
    212.06666666666663,
    334.8333333333333,
    314.6666666666667,
    399.8333333333333,
    485.6333333333334,
    366.93333333333334,
    621.1666666666666,
    656.4,
    607.7333333333333,
    747.1,
    1043.7666666666667,
    960.6,
    809.7666666666668,
    484.56666666666666,
    1086.7333333333333,
    1151.6666666666667,
    876.7666666666668,
    717.2333333333332,
    1052.4333333333334,
    1078.4333333333334,
    1105.8333333333333,
    1132.1333333333332,
    956.5666666666666,
    1036.2666666666667,
    1345.6666666666667,
    961.7666666666665,
    1050.6000000000001,
    1159.0,
    1063.8999999999999,
    1123.4333333333334,
    1091.0666666666666,
    1132.6666666666667,
    1331.5666666666666,
    984.7666666666668,
    1265.1666666666665,
    1157.3333333333333,
    1193.6666666666667,
    1220.8,
    1366.5333333333335,
    1343.2666666666667,
    1150.0333333333333,
    765.5333333333333,
    1011.9666666666667,
    1563.3333333333333,
    1171.9333333333334,
    1249.1333333333334,
    1310.6333333333332,
    1030.6666666666667,
    1336.9,
    1097.8,
    1349.3000000000002,
    1217.9666666666667,
    1048.0666666666666,
    980.2333333333332,
    1066.3333333333333,
    916.7333333333332,
    860.8666666666668,
    999.3333333333334,
    1273.3999999999999,
    1257.7666666666667,
    1233.1333333333334,
    1385.0666666666666,
    852.4,
    1008.8333333333334,
    969.0,
    901.3333333333334,
    874.3000000000001,
    1023.9333333333334,
    1044.8666666666668,
    1238.4333333333334,
    719.6333333333333,
    904.1,
    936.3333333333334,
    898.5,
    864.6,
    1221.1,
    1120.3,
    1237.1,
    969.0333333333333,
    1168.7,
    1149.6666666666667,
    1052.9666666666667,
    1000.6333333333332,
    992.0333333333333,
    916.1666666666666,
    1121.1666666666667,
    933.0333333333333,
    1309.3333333333335,
    1410.0
  ],
  "std": [
    3.2055507413790143,
    7.317710631672236,
    2.698147512646408,
    2.735365098523819,
    0.3741657386773963,
    7.144695001654494,
    5.562573345334172,
    0.14142135623730814,
    13.670974930690042,
    16.686188566862384,
    59.215932540716324,
    214.48961642829138,
    396.52579851617327,
    249.86583511067604,
    324.4702588664928,
    340.6876803695073,
    212.41742447883655,
    327.25514341090025,
    64.00411445107778,
    208.20288716111077,
    104.97183749304698,
    176.9112834790993,
    269.28865553528243,
    266.3990657307608,
    70.19935105746272,
    337.5692060731975,
    139.4392659507676,
    400.27594925945215,
    86.2409544371015,
    143.03161266734782,
    110.88265068180064,
    254.88787513118166,
    154.39564616774513,
    101.24282141904621,
    90.9128642651242,
    457.42891129539345,
    236.09876935064463,
    91.74282896590157,
    179.3824034476812,
    208.11315832178096,
    203.08629255127545,
    169.72354645782715,
    106.50046426607209,
    305.0281553489047,
    229.84380686795882,
    430.8158642493204,
    23.71783201634495,
    58.25514760278459,
    279.7156770722728,
    192.95696123459473,
    536.1588093922256,
    134.40243880062428,
    39.18301786346848,
    35.86431219037787,
    404.9027976632856,
    398.5582879440458,
    109.03865777277754,
    384.04961774344844,
    249.66112143374582,
    232.49916128880983,
    58.8443710137172,
    309.34253937450416,
    294.3130344076223,
    303.76177434884,
    511.1147642381525,
    185.62338813366762,
    63.11757987192544,
    63.527911625958225,
    56.935772781461615,
    288.2131271588209,
    120.26083688752918,
    428.4246050616401,
    328.9749973613328,
    106.30054875995076,
    187.15313397203792,
    400.5327701948993,
    203.29476683432415,
    555.0015555533755,
    71.88742742804348,
    123.12152081942817,
    137.11397529873543,
    331.33671024436086,
    191.34703202993938,
    129.9068726263378,
    139.18781076899896,
    359.01602564045334,
    470.9311697760795,
    349.3883894273916,
    44.470514576139855,
    482.3328887351095,
    93.7520488665003,
    412.866744711764,
    212.79198502032193,
    49.93497994614813,
    117.62857740456708,
    152.27136595200324,
    112.10656636532148,
    136.99183268436929,
    297.14016146518395,
    283.67027808120235
  ]
}