{
  "mean": [
    54.23333333333333,
    62.26666666666667,
    62.1,
    48.46666666666667,
    56.46666666666666,
    58.36666666666667,
    56.46666666666667,
    73.86666666666667,
    76.39999999999999,
    78.93333333333334,
    61.46666666666666,
    54.03333333333334,
    80.89999999999999,
    216.4,
    312.4,
    546.6333333333333,
    598.4333333333333,
    630.1666666666666,
    632.1,
    752.1333333333333,
    687.7666666666665,
    940.5333333333334,
    740.6333333333333,
    812.6666666666666,
    863.1,
    922.4,
    1073.3333333333333,
    1102.3333333333333,
    1180.5333333333333,
    1000.7333333333332,
    986.1666666666666,
    1043.1666666666667,
    965.6333333333333,
    1047.6666666666667,
    1095.1666666666667,
    1226.1333333333334,
    1191.3,
    994.1666666666666,
    1264.3,
    1254.1666666666667,
    1279.8,
    921.9000000000001,
    892.7666666666665,
    1122.8333333333333,
    1450.7333333333333,
    1023.5333333333333,
    946.7666666666665,
    906.4666666666666,
    919.4333333333334,
    824.0666666666666,
    1546.3999999999999,
    1293.6,
    1192.1000000000001,
    1147.8333333333333,
    724.2333333333332,
    915.5333333333333,
    1147.1666666666667,
    1245.5,
    1414.2333333333333,
    1114.0333333333335,
    1018.7000000000002,
    1063.0666666666666,
    1109.9666666666665,
    1077.3333333333333,
    806.0666666666666,
    990.2333333333332,
    883.6666666666666,
    999.1666666666666,
    1093.6666666666667,
    881.8333333333334,
    782.0666666666666,
    1131.9666666666667,
    1129.9666666666665,
    1256.1000000000001,
    1140.0,
    910.6333333333333,
    738.0,
    877.1333333333333,
    1134.9666666666665,
    1152.6333333333334,
    1023.2999999999998,
    902.3666666666667,
    862.0666666666666,
    672.9,
    765.9333333333334,
    1242.2666666666667,
    1056.1666666666667,
    1115.7,
    900.6666666666666,
    1274.3,
    1065.9666666666665,
    659.8666666666667,
    946.1,
    1243.1,
    1015.8333333333334,
    1356.4999999999998,
    912.8666666666667,
    1133.3666666666666,
    1128.5333333333333,
    1206.0
  ],
  "std": [
    7.287584571645731,
    2.807529558566077,
    7.247528314305965,
    2.7133415233291616,
    5.546370184383855,
    9.55347522574319,
    7.31679954321256,
    21.20131023204829,
    19.68214080497004,
    20.680156887434123,
    12.439006748486348,
    8.533203124006576,
    26.095721232927566,
    183.5022797315245,
    297.2874703044176,
    391.7097933703244,
    43.10609650102359,
    98.70367549162268,
    26.835175920173604,
    82.04106018059223,
    75.79522119207486,
    115.58011170708488,
    32.43920810103451,
    74.89465193783127,
    107.5857177634033,
    140.27632254470691,
    70.34800794778923,
    25.600694435025748,
    364.1449375668369,
    410.7285992260853,
    439.1147939004358,
    266.3183099642648,
    102.61989194216794,
    295.4521318627135,
    376.05434299963736,
    250.28693311655104,
    332.7680673782667,
    164.4841295958029,
    224.75439928953554,
    189.8206931700429,
    317.71462037495223,
    281.44542395758845,
    159.42474365320112,
    162.3574725378813,
    394.2779420098918,
    316.0299704493582,
    345.8785368047897,
    181.17583233484044,
    341.86841848225106,
    113.7182580864754,
    262.38004243209247,
    232.6445787032227,
    259.2217969230211,
    66.547042675756,
    126.97593822803157,
    61.526489326865445,
    288.4873692594222,
    195.17767973481665,
    242.75729077047762,
    221.85960024804476,
    377.14974037730246,
    265.2299170321645,
    353.87344567734317,
    284.0592113548786,
    231.4262205445951,
    137.8911728703312,
    86.52908310055194,
    33.87598297056816,
    666.9041377056293,
    240.23672121934692,
    273.0820918494819,
    86.50280663397893,
    426.3779257367289,
    254.73956635486894,
    245.2086050692349,
    158.50109007686848,
    309.71315761523596,
    340.82790704726955,
    95.28561742933135,
    433.7419304404662,
    340.69697190709905,
    220.4439510523152,
    158.09738208529018,
    88.26056121885168,
    129.83336328626098,
    63.01493650097745,
    74.52517844475263,
    175.93614371886943,
    313.3493506544342,
    522.0952978144891,
    195.6646337202737,
    142.64913443675556,
    342.92659078389755,
    109.86867918868711,
    66.70943628070086,
    276.4523828799455,
    228.89417253880055,
    287.3470646370962,
    26.69947981182822,
    171.7111722243683
  ]
}