{
  "mean": [
    60.166666666666664,
    64.26666666666667,
    64.10000000000001,
    66.06666666666666,
    62.833333333333336,
    72.89999999999999,
    54.93333333333334,
    80.63333333333333,
    284.5333333333333,
    201.4333333333333,
    320.40000000000003,
    325.3,
    464.0666666666666,
    654.6666666666666,
    510.3999999999999,
    724.2333333333332,
    801.5,
    647.4666666666667,
    697.4,
    1004.7666666666668,
    895.4666666666667,
    1038.5666666666668,
    1046.8999999999999,
    971.6,
    1292.3333333333333,
    1289.3,
    1121.5,
    1390.5666666666666,
    917.5666666666666,
    985.9666666666667,
    1208.4333333333334,
    1142.2666666666667,
    669.1999999999999,
    1117.5333333333335,
    743.7666666666665,
    1009.0666666666666,
    1194.5333333333333,
    1205.2333333333333,
    1094.4,
    1225.8,
    1100.6666666666667,
    999.8000000000001,
    903.9,
    920.2333333333332,
    916.5,
    923.8666666666668,
    1109.2666666666667,
    1319.1333333333334,
    1254.4666666666665,
    1360.4999999999998,
    1196.2666666666667,
    1178.3999999999999,
    1178.2,
    1089.3333333333333,
    1177.6666666666667,
    1133.7333333333333,
    1453.3,
    1183.8333333333333,
    1121.9333333333334,
    1293.8666666666668,
    1094.4333333333334,
    1284.8333333333333,
    1096.5666666666666,
    1141.1333333333334,
    1218.4333333333332,
    991.5333333333333,
    982.7999999999998,
    1227.3666666666666,
    1443.1333333333332,
    1037.7666666666667,
    1220.9,
    1074.7666666666667,
    1305.8333333333333,
    1162.0333333333333,
    1116.7,
    973.1,
    1166.8333333333333,
    897.1666666666666,
    708.3000000000001,
    1358.5666666666666,
    1200.1333333333332,
    1024.7,
    1104.5333333333335,
    1088.4333333333334,
    1283.0333333333333,
    1407.6333333333332,
    1312.0666666666666,
    1047.1,
    1161.6333333333332,
    1126.5666666666668,
    1181.2666666666667,
    1285.0333333333333,
    1522.3,
    899.5333333333333,
    904.8666666666664,
    926.0999999999999,
    1058.6000000000001,
    1262.8666666666666,
    1092.2333333333333,
    1193.2333333333333
  ],
  "std": [
    7.306770072260991,
    9.558707490497287,
    16.900295855398507,
    10.842611411566049,
    5.114901975817545,
    17.566445286397588,
    2.77768888746662,
    16.635170239251803,
    318.03337700450385,
    208.21322938009698,
    358.64339763428893,
    328.23998334551914,
    341.5183970967824,
    233.55259697882948,
    199.6532160188427,
    52.62834048516279,
    81.88882707671421,
    132.83439146379058,
    71.07634393148444,
    100.87590836710666,
    305.65929107786377,
    166.9772306500367,
    261.31782692091,
    230.7421071239491,
    786.8972373964864,
    395.04051269036535,
    185.35053277506378,
    281.9855827677878,
    160.7837954797961,
    216.5594657876266,
    253.8751180315936,
    194.02234121071956,
    172.04164224590124,
    309.3229416357963,
    242.87591253331175,
    162.73408438990964,
    135.33667483559498,
    41.87165575369046,
    50.708250479253074,
    354.9440613204659,
    265.9893773985888,
    159.61973562188356,
    117.73843892289383,
    128.30384076696828,
    37.83886890487083,
    124.66847592270027,
    262.6160991933959,
    291.049277996394,
    460.74795230750135,
    125.14905779376316,
    584.0643191369328,
    290.61054121739403,
    443.4161025492872,
    291.064234987552,
    138.82414135236792,
    98.83010112758612,
    181.83569506562793,
    421.815159624318,
    538.1311013333295,
    66.51161970329356,
    280.7210992347308,
    314.82251437207526,
    51.72429044677386,
    115.56049882589163,
    380.2885600289454,
    227.66226935724083,
    342.04971373568884,
    372.77535981994424,
    365.04182713157076,
    253.8464802898704,
    158.53655729830896,
    190.34365996504562,
    203.3569658397655,
    271.9409780734701,
    305.3947281797772,
    444.8499971900641,
    183.92919531409063,
    103.11677307251661,
    93.55094868572952,
    146.1589165562228,
    328.9818063189648,
    270.9046080572767,
    253.74625558266314,
    185.32264357660728,
    423.9720850349571,
    309.82883805238157,
    161.31346985157668,
    220.79932065112882,
    398.51431871668336,
    65.09338590739381,
    329.27412423221006,
    64.07091557190537,
    177.4519841158916,
    276.54764909906976,
    423.1457931047197,
    294.4142093491187,
    162.04264870706103,
    435.48948960400355,
    252.8761796259628,
    205.14775704896755
  ]
}