{
  "mean": [
    60.48,
    61.92,
    53.3,
    60.879999999999995,
    57.65999999999999,
    59.760000000000005,
    72.5,
    60.7,
    66.17999999999999,
    75.74,
    70.94000000000001,
    120.91999999999999,
    177.18,
    198.14000000000001,
    284.3,
    213.83999999999997,
    326.6,
    412.78000000000003,
    487.14,
    523.0400000000001,
    736.74,
    748.72,
    679.76,
    508.55999999999995,
    696.78,
    520.24,
    533.38,
    738.2199999999999,
    668.6800000000001,
    871.76,
    923.1200000000001,
    1137.66,
    1222.8600000000001,
    1117.66,
    957.2400000000001,
    852.4799999999999,
    1003.8999999999999,
    847.0800000000002,
    1094.1599999999999,
    929.0200000000001,
    933.5800000000002,
    1093.9199999999998,
    827.8399999999999,
    1048.8200000000002,
    1021.8799999999999,
    980.3000000000002,
    937.1,
    1004.5200000000001,
    1104.1399999999999,
    1169.56,
    1094.3799999999999,
    1160.34,
    973.3599999999999,
    1141.1200000000001,
    1131.48,
    1253.56,
    1113.3200000000002,
    1059.7199999999998,
    1126.3799999999999,
    744.0799999999999,
    1022.6200000000001,
    1087.48,
    1210.1200000000001,
    1053.1,
    1140.7,
    988.1400000000001,
    1009.1600000000001,
    841.7,
    1109.9599999999998,
    1210.72,
    1116.4,
    1353.54,
    1018.6200000000001,
    1044.6200000000001,
    1155.26,
    1343.2400000000002,
    1087.3,
    1282.08,
    1321.1200000000001,
    987.1,
    1344.1200000000001,
    1080.88,
    1135.16,
    1158.7,
    1140.54,
    1111.2,
    1027.2,
    1030.54,
    1278.06,
    945.5799999999999,
    1191.7,
    1144.02,
    1025.24,
    1184.78,
    1327.0800000000002,
    1160.3200000000002,
    1247.94,
    1106.66,
    940.7199999999999,
    1043.76
  ],
  "std": [
    6.7626621976851675,
    12.610059476465606,
    6.810873659083685,
    3.160632848022688,
    6.724165375717646,
    4.132602085853415,
    20.28871607569094,
    10.482938519327488,
    4.7473782238199655,
    12.490732564585635,
    14.501806783983847,
    82.1858235950702,
    201.56663811256067,
    202.8035759053573,
    372.12414595132094,
    197.13619251674714,
    308.80386655610386,
    272.8761799791253,
    309.31747186345615,
    246.02085765235435,
    421.09657609626794,
    354.6282696007186,
    352.7044802664123,
    279.1086928062256,
    296.5329755693286,
    168.02443393744852,
    225.77116202030763,
    237.04898565486414,
    91.93539905825178,
    282.3974688271834,
    333.6428593571276,
    259.60894129440146,
    375.42014117519057,
    359.45834028437844,
    372.19860074965356,
    144.93100979431557,
    325.94733930498654,
    165.59883332922365,
    160.8180412764687,
    77.16497651136817,
    290.04750921185314,
    231.7730907590439,
    269.26322140240393,
    260.4995462568025,
    473.71596299892616,
    292.8952850422827,
    206.2373293077662,
    167.34475073930466,
    188.92395930638335,
    359.1682925871937,
    76.7535119717658,
    223.97743279178817,
    151.33835733217143,
    243.70815661360206,
    329.38550909230963,
    361.11369733090993,
    380.1258075953276,
    450.0892062691573,
    372.24956897221523,
    378.3387868035737,
    288.2783682484692,
    242.30689135887158,
    231.59934714933885,
    326.63150491035,
    349.53186979158284,
    63.507057875483376,
    284.66571693830645,
    405.2872216095642,
    153.86241386381533,
    127.82275853696784,
    188.73867648153097,
    164.65103218625748,
    246.24893421089158,
    296.0593683706023,
    183.71737642367967,
    393.47259421718303,
    99.36077696958698,
    306.48866471698426,
    450.01277937409736,
    130.21589764694633,
    161.76718332220537,
    350.8595297266415,
    119.3013092970903,
    244.51849009839722,
    639.4389278109364,
    294.02860405069436,
    379.9426061920405,
    244.2448902229072,
    506.8718086459337,
    171.81473045114612,
    311.2586898385328,
    244.7110737175578,
    221.52558858967058,
    328.20862511518493,
    416.8994622208093,
    503.7786672736351,
    267.5667288733784,
    293.2195532361374,
    269.2086878241488,
    97.43093143350319
  ]
}