{
  "mean": [
    58.300000000000004,
    62.199999999999996,
    54.199999999999996,
    58.1,
    54.53333333333333,
    66.06666666666666,
    62.53333333333333,
    60.06666666666666,
    64.39999999999999,
    82.39999999999999,
    62.63333333333333,
    88.36666666666667,
    259.59999999999997,
    437.1666666666667,
    368.26666666666665,
    697.5666666666666,
    646.8666666666667,
    346.6333333333334,
    887.3000000000001,
    806.5333333333334,
    607.6666666666666,
    684.4333333333334,
    841.9666666666666,
    888.2666666666668,
    959.8666666666667,
    1031.6999999999998,
    829.3666666666667,
    752.2666666666668,
    1094.3333333333333,
    1203.3999999999999,
    1246.5333333333333,
    1077.5,
    1060.3999999999999,
    1237.6000000000001,
    1029.5,
    1001.6,
    1037.0666666666666,
    939.4,
    820.5,
    1402.8999999999999,
    1358.533333333333,
    1034.0666666666666,
    1108.0666666666666,
    1018.6666666666666,
    929.6666666666666,
    891.1,
    853.6999999999999,
    1117.1333333333332,
    1116.1000000000001,
    1047.8,
    854.1666666666666,
    1225.6333333333334,
    1183.6666666666667,
    1025.7,
    1199.6000000000001,
    1026.7666666666667,
    1229.3,
    1114.9666666666667,
    795.7666666666668,
    1188.2666666666667,
    1199.4666666666665,
    821.1,
    1313.9666666666665,
    1016.5333333333333,
    1180.5,
    1149.7666666666667,
    1285.6666666666667,
    1021.2999999999998,
    1425.2666666666667,
    928.4666666666667,
    953.3666666666667,
    1164.5333333333335,
    1237.1666666666667,
    1392.8,
    1182.2333333333333,
    1240.0666666666666,
    949.4000000000001,
    809.8000000000001,
    1319.1000000000001,
    1306.3666666666666,
    1100.5666666666666,
    1413.0333333333335,
    1265.8333333333333,
    1149.1666666666667,
    894.3333333333334,
    1380.3,
    1181.1000000000001,
    1190.8,
    903.0,
    1452.2666666666667,
    1306.4333333333332,
    1084.7666666666667,
    986.2333333333332,
    794.7000000000002,
    1137.5666666666668,
    1296.5666666666668,
    1281.3666666666668,
    1128.2666666666667,
    1159.5666666666666,
    1395.3666666666668
  ],
  "std": [
    4.695387807909655,
    3.0539591789456972,
    7.376991256603193,
    4.656178690729129,
    11.007976905660525,
    2.927266453346688,
    5.987394165151388,
    14.508464962068023,
    1.737814719698275,
    33.38892031797374,
    22.53372780719801,
    42.16992082304901,
    203.47201281748798,
    254.29854283673922,
    173.35024917457974,
    186.15657089903888,
    180.90089981964033,
    39.349911760454496,
    94.83926753548167,
    180.34877937547077,
    136.51281584118354,
    85.1804489826679,
    244.8661448401736,
    284.02148197314625,
    227.89214310477854,
    165.70729213485643,
    186.44586941582324,
    189.0822102214331,
    80.20845064926479,
    362.86248083812694,
    311.0930871763126,
    72.07015101043338,
    47.29249411904604,
    185.69961407247632,
    457.4464777435717,
    403.98389406839806,
    35.82934861565615,
    46.55369659507897,
    213.1948873683419,
    526.5795856278517,
    327.30744296795666,
    106.64865472923492,
    222.08923631929778,
    147.74641187596472,
    238.9192657689111,
    233.22504153713857,
    266.9863791781646,
    144.8711228030701,
    265.1642635550022,
    533.1070624180476,
    357.99624144519856,
    369.5252479721634,
    98.54543227477484,
    241.74383135873398,
    204.36442939024394,
    100.52957552658597,
    168.33064684324913,
    91.44562440172969,
    108.00374479104367,
    205.45897130300463,
    334.08953224480933,
    204.80343421599807,
    60.811037009923,
    411.1595337849072,
    210.5779823881563,
    118.25160557989147,
    343.7464310925845,
    69.1989884319128,
    231.78210073735679,
    53.847954670741416,
    217.06168606079598,
    250.61068523819085,
    87.19290236150093,
    143.06825876715865,
    237.8224174089192,
    246.2165216949414,
    292.26841544488974,
    220.3549106933328,
    117.00703682542627,
    375.96686319704054,
    27.88085763067954,
    358.70991374956765,
    360.9611274854337,
    301.76041637181123,
    291.86225442073794,
    101.31202626868472,
    15.88038622536199,
    378.4370313099217,
    142.66092667580705,
    431.9094452415794,
    391.9540307513399,
    119.08524491117932,
    88.13328290467541,
    250.75551173736278,
    214.15247423791826,
    467.0856619032055,
    212.66468651115753,
    308.0506163315084,
    299.40965619402164,
    748.1513097109583
  ]
}