{
  "mean": [
    67.60000000000001,
    60.06666666666666,
    50.300000000000004,
    62.23333333333333,
    50.633333333333326,
    67.73333333333333,
    68.46666666666667,
    74.6,
    64.46666666666668,
    94.36666666666667,
    209.9,
    225.76666666666665,
    369.0,
    384.73333333333335,
    462.1666666666667,
    343.20000000000005,
    418.26666666666665,
    614.4,
    685.9333333333334,
    910.9666666666667,
    866.1666666666666,
    970.4333333333333,
    605.6333333333333,
    823.7333333333332,
    676.8000000000001,
    793.2333333333332,
    1023.5333333333333,
    1053.6666666666667,
    1024.7333333333333,
    1248.8333333333333,
    1177.3,
    1252.5666666666666,
    1062.0333333333333,
    887.4000000000001,
    1217.3,
    1060.6666666666665,
    1353.5333333333333,
    1201.6000000000001,
    1064.4333333333334,
    1326.6333333333332,
    826.4,
    1110.0333333333333,
    911.5333333333333,
    901.2999999999998,
    1124.0666666666666,
    1184.1666666666667,
    1238.2333333333333,
    996.3333333333334,
    1127.0333333333333,
    871.7000000000002,
    1099.5,
    1206.8,
    1017.8000000000001,
    1242.6666666666667,
    1271.1333333333332,
    1177.6,
    1188.8999999999999,
    1067.9666666666667,
    882.1,
    781.1666666666666,
    920.9,
    1368.0666666666666,
    1093.6000000000001,
    1181.1666666666667,
    862.0,
    1215.1333333333334,
    979.2000000000002,
    1286.2333333333333,
    1217.3,
    1378.1333333333332,
    1319.8,
    706.8666666666667,
    831.1999999999999,
    1108.2,
    1072.4666666666665,
    771.6999999999999,
    1038.4666666666667,
    1076.5333333333335,
    1218.5666666666668,
    1049.9333333333332,
    1158.3333333333333,
    1157.3999999999999,
    1599.7666666666667,
    727.5,
    1230.7333333333333,
    1057.5333333333333,
    1076.1000000000001,
    1016.6999999999999,
    1230.6666666666667,
    1109.4333333333334,
    897.7000000000002,
    851.6333333333333,
    1391.4666666666665,
    1367.5666666666668,
    1131.0,
    1061.9333333333332,
    1170.2666666666667,
    1543.2666666666667,
    1093.9666666666667,
    1255.2333333333333
  ],
  "std": [
    3.009983388658481,
    7.417247168293336,
    3.0474032661705075,
    7.533185839264084,
    5.421151989096864,
    7.043357785097166,
    12.085896279916062,
    19.992665321729035,
    12.965167008394287,
    23.87080969627037,
    178.29393334229482,
    201.4229767319398,
    213.4424668772985,
    295.07409615590154,
    329.1599138547841,
    301.0354464178596,
    224.9308683919474,
    233.1246876673511,
    51.87679849626631,
    30.544648558389966,
    85.09149324240482,
    409.04618592797345,
    123.26638723602726,
    223.05733692384018,
    408.49531209060405,
    234.35836281690956,
    290.32138896211023,
    447.05332518118644,
    170.22763844008674,
    286.84033111742764,
    238.71557692506505,
    381.9852033201752,
    394.3992590707487,
    287.864840969971,
    529.5862724806979,
    281.9277251747728,
    265.32564059200075,
    159.96507952258412,
    136.2092100002378,
    103.4748708087567,
    88.35794625650072,
    250.4735559339992,
    137.68433300690228,
    307.06433636400476,
    348.3086881233688,
    326.68820337168927,
    371.49278443717975,
    330.5528836493321,
    161.3275412183411,
    136.7699040968687,
    329.44902488852506,
    49.72484288562406,
    324.0254413879668,
    188.65420453541157,
    19.088623720833198,
    171.3398377494271,
    219.21281896823456,
    110.683643276181,
    349.2857378517861,
    144.8182615863375,
    47.95212890651119,
    234.99328122783044,
    162.77698445009565,
    240.7716253123602,
    167.36475136658854,
    134.01329121479785,
    383.2336450087161,
    82.96691442309329,
    231.13645320459514,
    417.45949371033464,
    347.21310459140216,
    295.27877599914893,
    253.6095029765249,
    325.1694122556221,
    125.98154185788049,
    123.2026244309214,
    88.14027960523434,
    114.99340077683685,
    485.9819086710487,
    17.759191673296645,
    28.414706677274594,
    126.16211792768856,
    277.293230273578,
    389.53675906988116,
    180.37376626204698,
    347.74382652879535,
    272.60492781068115,
    137.1250767243784,
    313.6008326236112,
    192.07292596534498,
    116.25922185644747,
    203.69502257596338,
    199.17808335479313,
    140.20466785699008,
    497.95303660753655,
    131.46703853902787,
    256.88337604619124,
    393.48486064339954,
    238.05666458966357,
    261.2038071868189
  ]
}