{
  "mean": [
    64.03333333333333,
    68.10000000000001,
    62.53333333333334,
    54.6,
    64.23333333333333,
    64.39999999999999,
    69.03333333333333,
    67.33333333333333,
    69.36666666666666,
    208.33333333333334,
    299.06666666666666,
    264.3,
    354.90000000000003,
    605.6,
    470.03333333333336,
    612.8666666666667,
    574.7666666666667,
    429.43333333333334,
    781.5666666666666,
    785.7666666666668,
    440.79999999999995,
    724.8000000000001,
    893.8666666666668,
    780.9,
    1025.8999999999999,
    912.2000000000002,
    832.4666666666667,
    891.8000000000001,
    955.3000000000001,
    926.6333333333333,
    908.0,
    919.0,
    1020.5666666666666,
    820.0333333333333,
    1115.5666666666666,
    698.4,
    1398.3,
    1092.5,
    1041.6666666666667,
    1223.1666666666667,
    1325.5,
    1167.7666666666667,
    1146.4333333333334,
    864.8333333333334,
    577.6666666666666,
    1198.8,
    779.1,
    1131.4666666666665,
    1212.8333333333333,
    1152.5333333333335,
    1011.9666666666667,
    877.6,
    1163.2333333333333,
    1162.7,
    1210.8333333333333,
    1285.9666666666667,
    1009.6333333333333,
    1143.9666666666665,
    851.5333333333334,
    1022.2000000000002,
    813.5666666666666,
    1256.8999999999999,
    839.4333333333334,
    938.6333333333333,
    842.1666666666666,
    815.1666666666666,
    1006.5666666666666,
    1206.8999999999999,
    1257.7,
    1162.7666666666667,
    990.0333333333333,
    986.1,
    963.7000000000002,
    1051.0333333333335,
    1187.4333333333334,
    1219.7333333333333,
    910.5333333333333,
    1144.1333333333332,
    1160.1333333333334,
    1354.7,
    992.3000000000001,
    1121.3666666666668,
    942.5333333333334,
    1201.8999999999999,
    835.9333333333334,
    1015.1333333333333,
    1449.0333333333335,
    1117.7,
    908.0333333333333,
    990.9333333333334,
    1077.7666666666667,
    918.3333333333334,
    844.6999999999999,
    942.9000000000001,
    986.5333333333333,
    1330.0333333333335,
    1335.6666666666667,
    1245.5666666666666,
    826.3666666666668,
    1167.5666666666666
  ],
  "std": [
    4.939860546839576,
    7.486432172047424,
    7.385721961249887,
    3.0408332191467955,
    0.33993463423952147,
    17.16216769525342,
    17.73327067658104,
    16.876479359023776,
    10.114126534484113,
    149.51098807631348,
    328.34714691754044,
    229.12542416763793,
    189.86481155460763,
    70.62752060398742,
    291.2187989963713,
    401.8789729369887,
    352.10042443724615,
    221.37781179593304,
    98.8259187775263,
    129.21633883616354,
    157.0396765152043,
    171.0607689292512,
    409.6303401306543,
    261.3030552187759,
    215.30825963410385,
    146.01769299186543,
    118.95294120879157,
    131.7150206569724,
    222.48721311572044,
    185.5836618766737,
    227.94227339394507,
    158.6670098035505,
    112.34626038378943,
    192.72194708670023,
    133.9985157463403,
    169.98690145616123,
    227.44899794605973,
    346.22625550353627,
    332.6181126891452,
    82.89898806512791,
    225.01697713728174,
    84.53899823289974,
    222.45404519186033,
    174.32541090985237,
    284.96919521629394,
    514.4565352550851,
    251.07697358911005,
    59.61120327216656,
    300.03952332243756,
    280.3658364034788,
    409.2822688018082,
    344.87014947658196,
    224.86076185546963,
    134.22645044848656,
    209.1165597353676,
    275.9480909317709,
    368.73058216294214,
    348.66960801818607,
    85.86634316709251,
    255.9075744613017,
    149.90588899558136,
    385.90872841472066,
    227.49675943967983,
    96.91182705027401,
    221.31787596627214,
    119.94227315208302,
    90.11793507522366,
    110.45988713857471,
    79.26752172232958,
    80.14845947088162,
    169.33718499556508,
    233.2976782281955,
    265.6013679683647,
    242.4901005997748,
    261.34641548888493,
    311.56288111533587,
    149.5413060736806,
    823.4748501860205,
    197.35900170895567,
    177.9574668284532,
    124.53933782812021,
    227.36212427657247,
    340.44556425693406,
    339.54028725125784,
    206.22793754053356,
    217.59461288266203,
    224.99495302981546,
    149.18675097563678,
    41.1522646872428,
    211.50193589867894,
    454.61174888273865,
    372.04286790040146,
    422.1541503605842,
    189.28424833214905,
    37.24301575090588,
    152.26908929771514,
    360.9576737267435,
    300.42277247609275,
    396.1153395442068,
    53.440330171967354
  ]
}